{"cameraMode":{"drawMode":0,"name":"Shaded","section":"Shading Mode"},"sceneLighting":true,"audioPlay":false,"sceneViewState":{"showFog":true,"showMaterialUpdate":true,"showSkybox":false,"showFlares":true,"showImageEffects":true,"showParticleSystems":true},"in2DMode":false,"pivot":{"x":8.37112045288086,"y":4.318543434143066,"z":6.785836219787598},"rotation":{"x":0.10236093401908875,"y":0.8707369565963745,"z":-0.20479565858840943,"w":0.4352083206176758},"size":12.12435531616211,"orthographic":false}