{"cameraMode":{"drawMode":0,"name":"Shaded","section":"Shading Mode"},"sceneLighting":false,"audioPlay":false,"sceneViewState":{"showFog":true,"showMaterialUpdate":true,"showSkybox":false,"showFlares":true,"showImageEffects":true,"showParticleSystems":true},"in2DMode":false,"pivot":{"x":965.7783203125,"y":2.167004108428955,"z":49.000755310058597},"rotation":{"x":-0.08857068419456482,"y":-0.6598744988441467,"z":0.07877049595117569,"w":-0.7419713139533997},"size":3.4085745811462404,"orthographic":false}