{"cameraMode":{"drawMode":0,"name":"Shaded","section":"Shading Mode"},"sceneLighting":false,"audioPlay":false,"sceneViewState":{"showFog":true,"showMaterialUpdate":true,"showSkybox":false,"showFlares":true,"showImageEffects":true,"showParticleSystems":true},"in2DMode":false,"pivot":{"x":-5.347851276397705,"y":5.612360954284668,"z":5.253599166870117},"rotation":{"x":0.0515981987118721,"y":0.14686319231987,"z":0.0076850103214383129,"w":-0.9877887964248657},"size":9.317020416259766,"orthographic":false}