{"cameraMode":{"drawMode":0,"name":"Shaded","section":"Shading Mode"},"sceneLighting":false,"audioPlay":false,"sceneViewState":{"showFog":true,"showMaterialUpdate":true,"showSkybox":false,"showFlares":true,"showImageEffects":true,"showParticleSystems":true},"in2DMode":false,"pivot":{"x":901.778076171875,"y":-22.931720733642579,"z":199.55599975585938},"rotation":{"x":-0.27066949009895327,"y":0.5650315880775452,"z":-0.20325450599193574,"w":-0.7524402141571045},"size":153.89251708984376,"orthographic":false}