{"cameraMode":{"drawMode":0,"name":"Shaded","section":"Shading Mode"},"sceneLighting":false,"audioPlay":false,"sceneViewState":{"showFog":true,"showMaterialUpdate":true,"showSkybox":false,"showFlares":true,"showImageEffects":true,"showParticleSystems":true},"in2DMode":false,"pivot":{"x":-0.3871411979198456,"y":0.0,"z":0.052722007036209109},"rotation":{"x":-0.002222810173407197,"y":-0.9774866104125977,"z":0.010261951945722103,"w":-0.2107863426208496},"size":0.8960769176483154,"orthographic":false}