{"cameraMode":{"drawMode":0,"name":"Shaded","section":"Shading Mode"},"sceneLighting":false,"audioPlay":false,"sceneViewState":{"showFog":true,"showMaterialUpdate":true,"showSkybox":false,"showFlares":true,"showImageEffects":true,"showParticleSystems":true},"in2DMode":false,"pivot":{"x":2.9506773948669435,"y":0.3920474052429199,"z":-3.7509541511535646},"rotation":{"x":-0.031072508543729783,"y":-0.965595006942749,"z":0.1370566487312317,"w":-0.21885576844215394},"size":3.727468729019165,"orthographic":false}