{"cameraMode":{"drawMode":0,"name":"Shaded","section":"Shading Mode"},"sceneLighting":false,"audioPlay":false,"sceneViewState":{"showFog":true,"showMaterialUpdate":true,"showSkybox":false,"showFlares":true,"showImageEffects":true,"showParticleSystems":true},"in2DMode":false,"pivot":{"x":62.6922607421875,"y":-2.2631845474243166,"z":-9.638387680053711},"rotation":{"x":0.23005160689353944,"y":-0.46074190735816958,"z":0.12498543411493302,"w":0.8480434417724609},"size":111.3518295288086,"orthographic":false}