{"cameraMode":{"drawMode":0,"name":"Shaded","section":"Shading Mode"},"sceneLighting":false,"audioPlay":false,"sceneViewState":{"showFog":true,"showMaterialUpdate":true,"showSkybox":false,"showFlares":true,"showImageEffects":true,"showParticleSystems":true},"in2DMode":false,"pivot":{"x":-4.759292125701904,"y":2.5398151874542238,"z":-0.16746020317077638},"rotation":{"x":-0.10191530734300614,"y":0.6379655599594116,"z":-0.08562065660953522,"w":-0.7585142850875855},"size":5.716143608093262,"orthographic":false}