{"cameraMode":{"drawMode":0,"name":"Shaded","section":"Shading Mode"},"sceneLighting":false,"audioPlay":false,"sceneViewState":{"showFog":true,"showMaterialUpdate":true,"showSkybox":false,"showFlares":true,"showImageEffects":true,"showParticleSystems":true},"in2DMode":false,"pivot":{"x":-0.07495240867137909,"y":-0.13031929731369019,"z":0.0323561429977417},"rotation":{"x":-0.18779310584068299,"y":0.030039293691515924,"z":-0.005759352818131447,"w":-0.9817569255828857},"size":1.0492230653762818,"orthographic":false}