{"cameraMode":{"drawMode":0,"name":"Shaded","section":"Shading Mode"},"sceneLighting":false,"audioPlay":false,"sceneViewState":{"showFog":true,"showMaterialUpdate":true,"showSkybox":false,"showFlares":true,"showImageEffects":true,"showParticleSystems":true},"in2DMode":false,"pivot":{"x":-0.03710726648569107,"y":-0.18376857042312623,"z":-0.17923855781555177},"rotation":{"x":-0.40668976306915285,"y":0.07441937178373337,"z":-0.03324739634990692,"w":-0.9099324941635132},"size":0.48693978786468508,"orthographic":false}