{"cameraMode":{"drawMode":0,"name":"Shaded","section":"Shading Mode"},"sceneLighting":false,"audioPlay":false,"sceneViewState":{"showFog":true,"showMaterialUpdate":true,"showSkybox":false,"showFlares":true,"showImageEffects":true,"showParticleSystems":true},"in2DMode":false,"pivot":{"x":971.1810302734375,"y":1.3976330757141114,"z":21.23321533203125},"rotation":{"x":0.3181111216545105,"y":-0.304897665977478,"z":0.10884889215230942,"w":0.891065239906311},"size":1.8327422142028809,"orthographic":false}